item_id,references,quantity,function,manufacturer,mpn,package,value,assembly,selection_status,evidence_status,symbol,footprint,requirements,adr,datasheet_evidence,sourcing_evidence,notes
B1-B001,U7,1,Gateway MCU,STMicroelectronics,STM32G474RBT6,LQFP64 (source; verify),NA,fit,accepted,unverified,MCU_ST_STM32G4:STM32G474RBTx,Package_QFP:LQFP-64_10x10mm_P0.5mm,B1-R001,ADR-004,DS12288 Rev.6 Fig.7 p.50; Tables12/13 pp.57-75; draft STM32 sheet linked in pinmap.md; ES0430 Rev.9 implementation review pending B1-Q005,TBD,Selected USR-15 / ADR-004; exact-device implementation and sourcing verification pending
B1-B002,U8; U9; U10,3,Leaf MCU,Microchip,ATSAMC21G17A-AUT,TQFP48 (source; verify),NA,fit,accepted,unverified,ATSAMC21G17A-AUT:ATSAMC21G17A-AUT,Package_QFP:TQFP-48_7x7mm_P0.5mm,B1-R001,ADR-004,DS60001479J sec.4.2.1 p.22; Table 6-2 pp.29-30; draft spreadsheet linked from pinmap.md; errata/footprint/electrical qualification pending B1-Q005; ../../libraries/symbols/ATSAMC21G17A-AUT/README.md (symbol evidence only; allocation remains unverified),TBD,Selected USR-15 / ADR-004; exact-device implementation and sourcing verification pending
B1-B003,U11; U12; U13; U14; U15; U16; U17; U18,8,CAN-FD PHYs,Texas Instruments,TCAN3413DR,SOIC-8; footprint review pending,TBD,fit,accepted,unverified,TCAN3413DR:TCAN3413DR,Package_SO:SOIC-8_3.9x4.9mm_P1.27mm,B1-R002,ADR-002,usb_input.md; TI SLLSFS8A; ../../libraries/symbols/TCAN3413DR/README.md (symbol pin evidence; board allocation unverified),2026-09-06 TI active; distributor stock/price TBD,TCAN3413DR selected USR-06; eight Rev A; ninth only in expanded Board 1; implementation unverified
B1-B004,U4,1,USB-UART bridge,FTDI,FT232HL-REEL,LQFP48; footprint review pending,TBD,fit,accepted,unverified,Board1:FT232HL_BusPowered,Package_QFP:LQFP-48_7x7mm_P0.5mm,B1-R005,ADR-001,FT232H DS_FT232H v2.2 pp.6-10 and Fig.6.1 p.45; kicad/README.md; full current errata/inventory reconciliation pending,USR-03: FT232HL on hand; linked ordering code 768-1101-1-ND,Captured U4 with project-local bus-powered symbol correcting VCCD/EECLK/EECS electrical types; pin numbers unchanged. On hand per user; exact inventory suffix/silicon revision to reconcile. Workbook B1-P233-280 remains unverified; see pinmap.md for CAD naming mapping.
B1-B005,J1,1,USB 2.0 Standard-B receptacle,On Shore Technology Inc.,USB-B1HSB6,TBD,TBD,fit,accepted,unverified,Connector:USB_B,Connector_USB:USB_B_OST_USB-B1HSxx_Horizontal,B1-R005,ADR-001; ADR-030,TBD,DigiKey ED2983-ND; https://www.digikey.com/en/products/detail/on-shore-technology-inc/USB-B1HSB6/2677744,"J1 pins 1 VBUS, 2 DM, 3 DP, 4 GND, 5 shell. Draft connects shell directly to ground at entry. KiCad OST USB-B1HSxx footprint selected; exact housing/drill/land-pattern approval before layout remains B1-Q004."
B1-B006,D1,1,VBUS TVS,Littelfuse,SMF6.0A,SOD-123F,TBD,fit,accepted,unverified,Device:D,Diode_SMD:D_SOD-123F,B1-R006,ADR-019; ADR-022; ADR-024,usb_input.md,TBD,ESD/hotplug only; not a guaranteed <=6 V clamp or polarity/OVP circuit Captured in KiCad power/USB section; see kicad/README.md. Evidence remains unverified pending schematic/footprint approval.
B1-B007,NA,0,Remaining CAN interface protection,TBD,TBD,TBD,TBD,tbd,proposed,unverified,TBD,TBD,B1-R009,ADR-002; ADR-034; ADR-037,termination.md; B1-Q003/004,TBD,Residual allocation fully enumerated in completed schematic; no unassigned components or DNP footprints. See complete capture notes.
B1-B008,R67; R68; R69; R70,4,UART_MD driver /OE pull-up resistors,Stackpole Electronics Inc.,RMCF0805FT10K0,0805,10 kohm +/-1%; 0.125 W,fit,accepted,unverified,Device:R,Resistor_SMD:R_0805_2012Metric,B1-R003,ADR-033; ADR-039,https://www.seielect.com/Catalog/SEI-RMCF_RMCP.pdf ; ADR-033; B1-Q003,RMCF0805FT10K0CT-ND; refresh before purchase,"USR-33 accepts multidrop plan. Four /OE pull-ups to 3V3_SYS, one per driver channel. Shared bus pull-up split to B1-B074; driver B1-B066 and bypass B1-B036 counted separately. Reset/ramp/timing and baud remain unverified."
B1-B009,J3; J5; J7; J9,4,Independent Cortex SWD/reset headers,CNC Tech,3220-10-0100-00,Through-hole; 2 x 5; 1.27 mm; shrouded keyed header; footprint TBD,10 positions,fit,accepted,unverified,Connector_Generic:Conn_02x05_Odd_Even,Board1:CNC_Tech_3220-10-0100-00_2x05_P1.27mm_Vertical,B1-R007,ADR-011; ADR-026 (026-reva-connectors.md),https://www.cnctech.us/pdfs/3220-XX-0100-00_.pdf ; p.1; revision and footprint review TBD B1-Q004,DigiKey 1175-1627-ND; https://www.digikey.com/en/products/detail/cnc-tech/3220-10-0100-00/3883661 ; refresh stock/price before purchase,Exact MPN selected USR-25 / ADR-026; four independent MCU headers. All ten contacts supplied; review position-7 removal against actual cable. Adapter/probe support and USB-only target-power behavior pending B1-Q004/005. Manufacturer drawing matched to native footprint; see kicad/footprint_checks.md. Physical sample/mating checks remain before layout approval.
B1-B010,NA,0,Remaining MCU boot/reset support,TBD,TBD,TBD,TBD,tbd,proposed,unverified,TBD,TBD,B1-R001,ADR-004,TBD,TBD,Residual allocation fully enumerated in completed schematic; no unassigned components or DNP footprints. See complete capture notes.
B1-B011,TP1; TP2; TP3; TP4; TP5; TP6; TP7; TP8; TP9; TP10; TP11; TP12; TP13; TP14; TP15; TP16; TP17; TP18; TP19,0,PCB test pads; no purchased components,NA,NA,PCB copper pads,2 mm exposed copper test pad; 19 placements,tbd,accepted,unverified,Connector:TestPoint,TestPoint:TestPoint_Pad_D2.0mm,B1-R008,ADR-039,TBD,TBD,"Nineteen pads, zero purchased parts. Named signals in schematic. Layout must keep high-speed observation branches short."
B1-B012,U2,1,3.3 V buck regulator,Texas Instruments,TPS560430X3FDBVR,SOT-23-6,3.3 V fixed; 600 mA; 1.1 MHz FPWM,fit,accepted,unverified,TPS560430X3FDBVR:TPS560430X3FDBVR,Package_TO_SOT_SMD:SOT-23-6,B1-R006; B1-R012; B1-R023,ADR-021,https://www.ti.com/lit/ds/symlink/tps560430.pdf; ../../libraries/symbols/TPS560430X3FDBVR/README.md (symbol pin evidence; board allocation unverified),DigiKey 296-51994-1-ND,Explicit user selection ADR-021; replaces SC189. Filter MPNs accepted ADR-025; electrical filter/startup qualification remains open. Captured in KiCad power/USB section; see kicad/README.md. Evidence remains unverified pending schematic/footprint approval.
B1-B013,U5,1,FTDI configuration EEPROM,Microchip Technology,AT93C56B-SSHM-B,SOIC-8; 3.9 mm body; 1.27 mm pitch; footprint TBD,2 Kbit; 128 x 16; 3.3 V,fit,accepted,unverified,AT93C56B-SSHM-B:AT93C56B-SSHM-B,Package_SO:SOIC-8_3.9x4.9mm_P1.27mm,B1-R005; B1-R006; B1-R012,ADR-001; ADR-018,DS20006260B pp.3-9 and 31; FT_000288 v2.2 Table 3.3 and section 7; ADR-018; ../../libraries/symbols/AT93C56B-SSHM-B/README.md (symbol pin evidence; board allocation unverified),DigiKey AT93C56B-SSHM-B-ND; https://www.digikey.com/en/products/detail/microchip-technology/AT93C56B-SSHM-B/3046221 ; quantity-one tube listing; refresh stock/price before purchase,Selected USR-23; ORG to VCC for x16; powered from FTDI VCCD. B1-P281-288 draft sheet. Clock/startup/word-program/footprint qualification B1-Q012; supports 1 MHz at 3.3 V. DO series resistor B1-B056; pull-up B1-B065; bypass B1-B061; residual support B1-B017. Captured in KiCad power/USB section; see kicad/README.md. Evidence remains unverified pending schematic/footprint approval.
B1-B014,Y1,1,FTDI crystal,ECS Inc.,ECS-120-18-5PX-CKM-TR,HC-49/US leaded SMT; 11.4 x 4.8 x 4.3 mm; footprint TBD,12 MHz; CL 18 pF,fit,accepted,unverified,Device:Crystal,Crystal:Crystal_SMD_HC49-SD,B1-R005; B1-R006; B1-R012,ADR-001; ADR-017; ADR-030,CSM-7X Rev.2020 p.1; 25 ppm first-year screen before loading; crystal_networks.md,DigiKey 50-ECS-120-18-5PX-CKM-CT-ND; 2026-09-06 browser stock 2149; qty1 USD 0.54; recheck before purchase,Exact ECS-120-18-5PX-CKM-TR finalized by user ADR-030. Loading/startup/drive and temperature/lifetime qualification remain B1-Q008. Captured in KiCad power/USB section; see kicad/README.md. Evidence remains unverified pending schematic/footprint approval.
B1-B015,U3,1,Main buck enable control,onsemi,MC74HC1G14DBVT1G,SC-74A; 0.95 mm pitch,Single Schmitt inverter,fit,accepted,unverified,MC74HC1G14DBVT1G:MC74HC1G14DBVT1G,Package_TO_SOT_SMD:SOT-23-5,B1-R005; B1-R006; B1-R012,ADR-013; ADR-024,https://www.onsemi.com/pdf/datasheet/mc74hc1g14-d.pdf; ../../libraries/symbols/MC74HC1G14DBVT1G/README.md (symbol evidence only; allocation unverified),TBD,Selected by explicit user instruction; FTDI_3V3 supply; pin1 NC pin2 PWREN# pin3 GND pin4 buck EN pin5 VCC. Support resistors selected in B1-B054/055; local bypass in B1-B061; startup qualification remains B1-Q002. Captured in KiCad power/USB section; see kicad/README.md. Evidence remains unverified pending schematic/footprint approval.
B1-B016,U6,1,UART power-off isolation,Texas Instruments,SN74LV125APWR,TSSOP-14; footprint review pending,TBD,fit,accepted,unverified,SN74LV125APWR:SN74LV125APWR,Package_SO:TSSOP-14_4.4x5mm_P0.65mm,B1-R005; B1-R006; B1-R012,ADR-001; ADR-013,https://www.ti.com/lit/ds/symlink/sn74lv125a.pdf; ../../libraries/symbols/SN74LV125APWR/README.md (symbol evidence only; allocation unverified),TBD,Selected USR-18; two channels each direction TX/RX/RTS/CTS; VCC=3V3_SYS; default-disabled /OE; one 100 nF from B1-B036 auxiliary reserve; level/ramp/timing qualification pending Captured in KiCad power/USB section; see kicad/README.md. Evidence remains unverified pending schematic/footprint approval.
B1-B017,NA,0,Remaining unenumerated USB/bridge support network,TBD,TBD,TBD,TBD,tbd,proposed,unverified,TBD,TBD,B1-R005; B1-R006; B1-R012,ADR-001; ADR-018; ADR-024,usb_vcp.md; full circuit/pin verification pending,TBD,Residual allocation closed by power/USB capture: all support enumerated in B1-B051/054-058/061-065/078/079. Zero purchases/placements; aggregate is not a physical part. No DNP footprints.
B1-B018,D2,1,USB data-line ESD protection,Semtech Corporation,RCLAMP0504S.TCT,SOT-23-6; footprint review pending,TBD,fit,accepted,unverified,RCLAMP0504S.TCT:RCLAMP0504S.TCT,Package_TO_SOT_SMD:SOT-23-6,B1-R005; B1-R006; B1-R012,ADR-015,https://www.semtech.com/products/circuit-protection/low-capacitance/rclamp0504s; ../../libraries/symbols/RCLAMP0504S.TCT/README.md (symbol evidence only; allocation unverified),TBD,Selected USR-20; D+/D- ESD; internal TVS reference (pin 5 NC) proposal; unused I/O NC; not VBUS overvoltage protection; placement and ESD qualification pending Captured in KiCad power/USB section; see kicad/README.md. Evidence remains unverified pending schematic/footprint approval.
B1-B019,Y2,1,Gateway main crystal,ECS Inc.,ECS-120-20-3X-EN-TR,Miniature HC-49/US leaded SMT; 7.0 x 4.1 x 2.3 mm; footprint TBD,12 MHz; CL 20 pF,fit,accepted,unverified,Device:Crystal,Crystal:Crystal_SMD_ECS_CSM3X-2Pin_7.6x4.1mm,B1-R015,ADR-005; ADR-014,crystal_networks.md; CSM-3X Rev.2017 pp.1-2; qualification pending,DigiKey XC1787CT-ND; 2026-09-06 observed stock 499092; qty1 USD 0.37; recheck before purchase,Selected USR-19; common MPN for four independent MCU crystals; FTDI separate ADR-017; load/startup/drive pending B1-Q008 Manufacturer drawing matched to native footprint; see kicad/footprint_checks.md. Physical sample/mating checks remain before layout approval.
B1-B020,Y3; Y4; Y5,3,SAM main crystals,ECS Inc.,ECS-120-20-3X-EN-TR,Miniature HC-49/US leaded SMT; 7.0 x 4.1 x 2.3 mm; footprint TBD,12 MHz; CL 20 pF,fit,accepted,unverified,Device:Crystal,Crystal:Crystal_SMD_ECS_CSM3X-2Pin_7.6x4.1mm,B1-R015,ADR-005; ADR-014,crystal_networks.md; CSM-3X Rev.2017 pp.1-2; qualification pending,DigiKey XC1787CT-ND; 2026-09-06 observed stock 499092; qty1 USD 0.37; recheck before purchase,Selected USR-19; common MPN for four independent MCU crystals; FTDI separate ADR-017; load/startup/drive pending B1-Q008 Manufacturer drawing matched to native footprint; see kicad/footprint_checks.md. Physical sample/mating checks remain before layout approval.
B1-B021,U20,1,Rev A external RS-485 PHY,STMicroelectronics,ST3485EBDR,SO8; 3.9 mm body; footprint review pending,3.0-3.6 V; half-duplex; guaranteed 12 Mbps,fit,accepted,unverified,ST3485EBDR:ST3485EBDR,Package_SO:SOIC-8_3.9x4.9mm_P1.27mm,B1-R016; B1-R017; B1-R021,ADR-007; ADR-034,https://www.st.com/resource/en/datasheet/st3485eb.pdf ; DS2947 Rev12 March 2021 pp.2-6/16/18; B1-Q009; ../../libraries/symbols/ST3485EBDR/README.md (symbol evidence only; allocation unverified),DigiKey 497-2080-1-ND; https://www.digikey.com/en/products/detail/stmicroelectronics/ST3485EBDR/599328 ; 2026-09-06 observed 23827 stock; USD 1.48 qty1; refresh before order,"Selected USR-28. Replaces unaccepted THVD1420DR candidate. Existing B1-B036 RS485 bypass allocation retained. Floating-input fail-safe only; terminated-idle bias, MCU thresholds, DE-/RE defaults/timing, protection, loaded current and exact footprint remain B1-Q009. Termination split to B1-B068."
B1-B022,J12,1,Signal terminal block,Phoenix Contact,1989803,Through-hole; 8 positions; 2.5 mm pitch; 45-degree wire entry; footprint TBD,PTSA 0.5/8-2.5-F,fit,accepted,unverified,Connector_Generic:Conn_01x08,Board1:PhoenixContact_PTSA_0.5_8-2.5-F_1989803,B1-R016; B1-R017,ADR-007; ADR-026 (026-reva-connectors.md),https://www.phoenixcontact.com/en-us/products/printed-circuit-board-terminal-ptsa-05-8-25-f-1989803 ; technical data and dimensions; revision/footprint review TBD B1-Q004,DigiKey 277-7678-ND; https://www.digikey.com/en/products/detail/phoenix-contact/1989803/3597015 ; order code checked 2026-09-06; refresh stock/price before purchase,Exact MPN selected USR-25 / ADR-026; one fixed push-in block for two CAN pairs plus one RS-485 pair and two grounds. Terminal order/polarity and mechanical qualification pending B1-Q004; no power/backbone terminal added. Manufacturer drawing matched to native footprint; see kicad/footprint_checks.md. Physical sample/mating checks remain before layout approval.
B1-B023,R74; R75; R76; R77,4,RS-485 logic default resistors,Stackpole Electronics Inc.,RMCF0805FT10K0,0805,10 kohm +/-1%; 0.125 W,fit,proposed,unverified,Device:R,Resistor_SMD:R_0805_2012Metric,B1-R016; B1-R017; B1-R021,ADR-007; ADR-034; ADR-036; ADR-038,https://www.seielect.com/Catalog/SEI-RMCF_RMCP.pdf,DigiKey RMCF0805FT10K0CT-ND; refresh before purchase,"10k DE pulldown, /RE pullup, DI pullup and RO pullup; conventional reset shutdown and idle-high RX."
B1-B024,D4; D5; D6; D7,4,MCU status LEDs,ROHM Semiconductor,CSL1901DW1,0603; 1.6 x 0.8 x 0.55 mm,Orange LED; 1.8 V typ at 2 mA,fit,accepted,unverified,Device:LED,LED_SMD:LED_0603_1608Metric,B1-R019,ADR-007; ADR-029,https://www.rohm.com/products/led/chip-leds-mono-color-type/standard/csl1901dw-product,https://www.digikey.com/en/products/detail/rohm-semiconductor/CSL1901DW1/16685592,Exact LED selected ADR-029; target approximately 0.5 mA; brightness and resistor/current qualification pending. One independently controlled per MCU.
B1-B025,D3,1,Board main-power LED,ROHM Semiconductor,CSL1901DW1,0603; 1.6 x 0.8 x 0.55 mm,Orange LED; 1.8 V typ at 2 mA,fit,accepted,unverified,Device:LED,LED_SMD:LED_0603_1608Metric,B1-R019,ADR-007; ADR-029,https://www.rohm.com/products/led/chip-leds-mono-color-type/standard/csl1901dw-product,https://www.digikey.com/en/products/detail/rohm-semiconductor/CSL1901DW1/16685592,Exact LED selected ADR-029; target approximately 0.5 mA; brightness and resistor/current qualification pending. Powered from 3V3_SYS; off during suspend. Captured in KiCad power/USB section; see kicad/README.md. Evidence remains unverified pending schematic/footprint approval.
B1-B026,R4; R24; R34; R44; R54,5,LED resistors,KOA Speer Electronics Inc.,RK73H2ATTD3301F,0805,3.3 kohm +/-1%; 0.25 W,fit,accepted,unverified,Device:R,Resistor_SMD:R_0805_2012Metric,B1-R019,ADR-007; ADR-039,https://www.koaspeer.com/catimages/Products/RK73H/RK73H.pdf,DigiKey 2019-RK73H2ATTD3301FCT-ND,USR-33 accepts five RK73H2ATTD3301F LED resistors. Low-current LED brightness and GPIO output drop remain unverified. Captured in KiCad power/USB section; see kicad/README.md. Evidence remains unverified pending schematic/footprint approval.
B1-B027,TBD,1,Timing/debug header source strip,Sullins Connector Solutions,PRPC040SAAN-RC,Through-hole; 1 x 40 breakaway male strip; 2.54 mm pitch; cut lengths/footprints TBD,40 positions; 32 allocated,fit,accepted,unverified,TBD,TBD,B1-R025; B1-R027,ADR-007; ADR-026 (026-reva-connectors.md); ADR-039; ADR-041; ADR-042,https://mm.digikey.com/Volume0/opasdata/d220001/medias/docus/386/xRxCzzzSxxN-RC_ST_11635-B.pdf ; drawing 11635 Rev.B p.1; cut-footprint review TBD B1-Q004/010,DigiKey S1011EC-40-ND; https://www.digikey.com/en/products/detail/sullins-connector-solutions/PRPC040SAAN-RC/2775214 ; refresh stock/price before purchase,"ADR-041: one source strip B1-B027 supplies four 1x8 placed headers B1-B059. Eight positions spare and unallocated. RX/TX, two grounds, shared SYNC/TRIG and private EVENT0/1 per MCU; see timing_headers.md. Physical cuts/footprint and timing pad allocation unverified. Exact pin order is maintainer-specified USR-36; six per-MCU 330 ohm resistors are B1-B076."
B1-B028,L1,1,Buck inductor,Bourns,SRN6045TA-120M,6 x 6 mm semi-shielded SMT,12 uH +/-20%,fit,accepted,unverified,Device:L,Inductor_SMD:L_Bourns_SRN6045TA,B1-R023,ADR-021; ADR-025,buck_tps560430.md; manufacturer sources linked there,DigiKey 118-SRN6045TA-120MCT-ND; listing found 2026-09-06; recheck at purchase,"65 milliohm +/-20%; Irms 3 A typ; Isat 4 A typ at 30% L drop. Semi-shielded, not fully shielded. User accepted exact part; electrical qualification remains open. Captured in KiCad power/USB section; see kicad/README.md. Evidence remains unverified pending schematic/footprint approval."
B1-B029,C6,1,Buck input capacitor,TDK,C3216X7R1V106K160AC,1206,10 uF 35 V X7R +/-10%,fit,accepted,unverified,Device:C,Capacitor_SMD:C_1206_3216Metric,B1-R023,ADR-021; ADR-025,buck_tps560430.md; manufacturer sources linked there,DigiKey 445-14799-1-ND; listing found 2026-09-06; recheck at purchase,Retains accepted nominal 10 uF category; exact MPN accepted by ADR-025; verify effective input capacitance. User accepted exact part; electrical qualification remains open. Captured in KiCad power/USB section; see kicad/README.md. Evidence remains unverified pending schematic/footprint approval.
B1-B030,C7,1,Buck output capacitor,TDK,C3225X7R1C226M250AC,1210,22 uF 16 V X7R +/-20%,fit,accepted,unverified,Device:C,Capacitor_SMD:C_1210_3225Metric,B1-R023,ADR-021; ADR-025,buck_tps560430.md; manufacturer sources linked there,DigiKey 445-3955-1-ND; listing found 2026-09-06; recheck at purchase,"Local output capacitor; effective C, total rail C and transient/loop verification pending; no SC189 30 uF limit. User accepted exact part; electrical qualification remains open. Captured in KiCad power/USB section; see kicad/README.md. Evidence remains unverified pending schematic/footprint approval."
B1-B031,C8,1,TPS560430 bootstrap capacitor,KEMET,C0805C104K5RACTU,0805,100 nF 50 V X7R +/-10%,fit,accepted,unverified,Device:C,Capacitor_SMD:C_0805_2012Metric,B1-R023,ADR-021; ADR-025,buck_tps560430.md; manufacturer sources linked there,DigiKey 399-C0805C104K5RACTUCT-ND; listing found 2026-09-06; recheck at purchase,"VIN-to-GND bypass adjacent to chip. User accepted exact part; electrical qualification remains open. Captured in KiCad power/USB section; see kicad/README.md. Evidence remains unverified pending schematic/footprint approval. Function description reconciled to existing CAD: C8 is bootstrap (B031), C9 input bypass (B052); identical selected 100n MPN, no circuit/value change."
B1-B032,NA,0,Buck mode strap,TBD,TBD,0603,61.9 kohm 1%,tbd,superseded,unverified,TBD,TBD,B1-R023,ADR-008,https://github.com/ofdouglas/ws-hardware/blob/dbcaba10831ade0516dba825d2c97d3f0017e0f5/boards/board1/buck_converter.md,TBD,Historical TPS62902-only part; excluded from current procurement/population; ADR-010
B1-B033,NA,0,Buck output strap,TBD,TBD,0603,249 kohm 1%,tbd,superseded,unverified,TBD,TBD,B1-R023,ADR-008,https://github.com/ofdouglas/ws-hardware/blob/dbcaba10831ade0516dba825d2c97d3f0017e0f5/boards/board1/buck_converter.md,TBD,Historical TPS62902-only part; excluded from current procurement/population; ADR-010
B1-B034,NA,0,Buck soft-start capacitor,TBD,TBD,0603,10 nF 5% C0G,tbd,superseded,unverified,TBD,TBD,B1-R023,ADR-008,https://github.com/ofdouglas/ws-hardware/blob/dbcaba10831ade0516dba825d2c97d3f0017e0f5/boards/board1/buck_converter.md,TBD,Historical TPS62902-only part; excluded from current procurement/population; ADR-010
B1-B035,NA,0,Buck PG pullup,TBD,TBD,0603,100 kohm,tbd,superseded,unverified,TBD,TBD,B1-R023,ADR-008,https://github.com/ofdouglas/ws-hardware/blob/dbcaba10831ade0516dba825d2c97d3f0017e0f5/boards/board1/buck_converter.md,TBD,Historical TPS62902-only part; excluded from current procurement/population; ADR-010
B1-B036,C24; C26; C27; C28; C29; C30; C31; C38; C39; C40; C41; C48; C49; C50; C51; C58; C59; C60; C61; C67; C68; C69; C70; C71; C72; C73; C74; C75; C76; C77; C78; C79; C80; C81; C82; C83; C84,37,Main 3.3 V pin bypass capacitors,KYOCERA AVX,KGM21NR71E104KT,0805,100 nF 25 V X7R +/-10%,fit,accepted,unverified,Device:C,Capacitor_SMD:C_0805_2012Metric,B1-R001; B1-R012; B1-R023,ADR-010; ADR-027,https://datasheets.kyocera-avx.com/KGM_X7R.pdf,DigiKey exact MPN; stock/price refresh before purchase,"Exact capture: GW6, SAM12, CAN16, RS4851, VCP1, UART_MD1 =37. Two unused auxiliary planning reserves removed; no unused bypass footprints. Reset capacitors separately enumerated."
B1-B037,C32; C42; C52; C62,4,Shared STM32 analog bulk and SAM local bulk,Samsung Electro-Mechanics,CL21B105KAFNFNE,0805,1 uF 25 V X7R +/-10%,fit,accepted,unverified,Device:C,Capacitor_SMD:C_0805_2012Metric,B1-R001; B1-R012; B1-R023,ADR-010; ADR-027,https://product.samsungsem.com/mlcc/CL21B105KAFNFN.do,DigiKey exact MPN; stock/price refresh before purchase,One shared VDDA/VREF+ bulk; one local bulk per SAM; VREFBUF disabled/high-Z; placement/load-step checks pending Exact MPN accepted by user; effective-C and implementation qualification pending.
B1-B038,C33,1,STM32 digital bulk,Murata,GRM21BR71C475KE51L,0805,4.7 uF 16 V X7R +/-10%,fit,accepted,unverified,Device:C,Capacitor_SMD:C_0805_2012Metric,B1-R001; B1-R012; B1-R023,ADR-010; ADR-027,https://akizukidenshi.com/goodsaffix/GRM21BR71C475KE51L.pdf,DigiKey exact MPN; stock/price refresh before purchase,Near STM32 VDD; separate from TPS560430 local output capacitor Exact MPN accepted by user; effective-C and implementation qualification pending.
B1-B039,C34,1,STM32 VDDA HF bypass,Samsung Electro-Mechanics,CL21B103KBANNNC,0805,10 nF 50 V X7R +/-10%,fit,accepted,unverified,Device:C,Capacitor_SMD:C_0805_2012Metric,B1-R001; B1-R012; B1-R023,ADR-010; ADR-027,https://product.samsungsem.com/mlcc/CL21B103KBANNN.do,DigiKey exact MPN; stock/price refresh before purchase,Retained 10 nF exception to preferred value set Exact MPN accepted by user; effective-C and implementation qualification pending.
B1-B040,C43; C53; C63,3,SAM VDDCORE regulator capacitors,Samsung Electro-Mechanics,CL21B105KAFNFNE,0805,1 uF 25 V X7R +/-10%,fit,accepted,unverified,Device:C,Capacitor_SMD:C_0805_2012Metric,B1-R001; B1-R012; B1-R023,ADR-010; ADR-026 (026-sam-core-ceramic.md); ADR-027,https://product.samsungsem.com/mlcc/CL21B105KAFNFN.do,DigiKey exact MPN; stock/price refresh before purchase,"Ceramic category accepted ADR-026; CL21B105KAFNFNE exact MPN accepted ADR-027. One per separate SAM VDDCORE, plus B041 100 nF. Check effective C at 1.23 V across tolerance/temperature/aging and regulator stability; <=0.5 ohm ESR screen. Not direct main-rail C. Exact MPN accepted by user; effective-C and implementation qualification pending."
B1-B041,C44; C54; C64,3,SAM VDDCORE HF bypass,KYOCERA AVX,KGM21NR71E104KT,0805,100 nF 25 V X7R +/-10%,fit,accepted,unverified,Device:C,Capacitor_SMD:C_0805_2012Metric,B1-R001; B1-R012; B1-R023,ADR-010; ADR-027,https://datasheets.kyocera-avx.com/KGM_X7R.pdf,DigiKey exact MPN; stock/price refresh before purchase,One per internal core rail; separate from 39 main-rail bypass allocation Exact MPN accepted by user; effective-C and implementation qualification pending.
B1-B042,C35; C36,2,Gateway crystal load capacitors,KEMET,C0805C330F5GACTU,0805,33 pF +/-1%; 50 V C0G,fit,accepted,unverified,Device:C,Capacitor_SMD:C_0805_2012Metric,B1-R015,ADR-005; ADR-014; ADR-031,https://yageogroup.com/download/specsheet/C0805C330F5GACTU,DigiKey https://www.digikey.com/en/products/detail/kemet/C0805C330F5GACTU/2212505 ; exact pack code/stock refresh before purchase,Accepted ADR-031 as initial fitted load capacitors; startup/drive/loaded-frequency qualification B1-Q008 remains. No series resistor included in this row.
B1-B043,C45; C46; C55; C56; C65; C66,6,Three SAM crystal load capacitors (two per MCU),KEMET,C0805C330F5GACTU,0805,33 pF +/-1%; 50 V C0G,fit,accepted,unverified,Device:C,Capacitor_SMD:C_0805_2012Metric,B1-R015,ADR-005; ADR-014; ADR-031,https://yageogroup.com/download/specsheet/C0805C330F5GACTU,DigiKey https://www.digikey.com/en/products/detail/kemet/C0805C330F5GACTU/2212505 ; exact pack code/stock refresh before purchase,"Accepted ADR-031 as initial fitted load capacitors; startup/drive/loaded-frequency qualification B1-Q008 remains. No series resistor included in this row. Quantity 6 means six individual capacitors, forming three pairs."
B1-B044,U1,1,Input attachment-ramp switch,Texas Instruments,TPS22810DBVT,SOT-23-6,NA,fit,accepted,unverified,TPS22810DBVT:TPS22810DBVT,Package_TO_SOT_SMD:SOT-23-6,B1-R006; B1-R012,ADR-019; ADR-022,usb_input.md; ../../libraries/symbols/TPS22810DBVT/README.md (symbol evidence only; allocation remains unverified),DigiKey exact order code/stock refresh TBD B1-Q002; IC MPN accepted; passive MPNs are separate BOM rows,EN to VIN; QOD to VOUT; upstream of FTDI and TPS560430 Captured in KiCad power/USB section; see kicad/README.md. Evidence remains unverified pending schematic/footprint approval.
B1-B045,C1,1,Raw VBUS direct bypass,Samsung Electro-Mechanics,CL21B105KAFNFNE,0805,1 uF 25 V X7R +/-10%,fit,accepted,unverified,Device:C,Capacitor_SMD:C_0805_2012Metric,B1-R006; B1-R012,ADR-019; ADR-027,https://product.samsungsem.com/mlcc/CL21B105KAFNFN.do,DigiKey exact MPN; stock/price refresh before purchase,Local low-ESR VIN bypass; verify effective capacitance Exact MPN accepted by user; effective-C and implementation qualification pending. Captured in KiCad power/USB section; see kicad/README.md. Evidence remains unverified pending schematic/footprint approval.
B1-B046,C2,1,Raw VBUS damping capacitor,Samsung Electro-Mechanics,CL21A475KBQNNNE,0805,4.7 uF 50 V X5R +/-10%,fit,accepted,unverified,Device:C,Capacitor_SMD:C_0805_2012Metric,B1-R006; B1-R012,ADR-019; ADR-029,https://product.samsungsem.com/mlcc/CL21A475KBQNNN.do,https://www.digikey.com/en/products/detail/samsung-electro-mechanics/CL21A475KBQNNNE/3886906,Selected ADR-029; X5R accepted for this branch (-55 to +85 C); effective-C qualification pending. Series with B047 to ground; count attachment charge. Captured in KiCad power/USB section; see kicad/README.md. Evidence remains unverified pending schematic/footprint approval.
B1-B047,R1,1,Raw VBUS damping resistor,KOA Speer Electronics Inc.,SG73P2BTTD1R0J,1206,1 ohm +/-5%; anti-surge pulse resistor,fit,accepted,unverified,Device:R,Resistor_SMD:R_1206_3216Metric,B1-R006; B1-R012,ADR-019; ADR-029,https://www.koaspeer.com/pdfs/SG73P.pdf,https://www.digikey.com/en/products/detail/koa-speer-electronics-inc/SG73P2BTTD1R0J/10192656,"Selected ADR-029; relaxes prior 1% to 5%. Only in capacitor shunt, not DC supply path. Pulse/ringing/repeated-hotplug qualification pending; replaces proposed Susumu candidate. Captured in KiCad power/USB section; see kicad/README.md. Evidence remains unverified pending schematic/footprint approval."
B1-B048,C3,1,Input switch slew capacitor,Samsung Electro-Mechanics,CL21B473KBCNNNC,0805,47 nF 50 V X7R +/-10%,fit,accepted,unverified,Device:C,Capacitor_SMD:C_0805_2012Metric,B1-R006; B1-R012,ADR-022; ADR-027,https://product.samsungsem.com/mlcc/CL21B473KBCNNN.do,DigiKey exact MPN; stock/price refresh before purchase,"CT to GND; ~4.03 ms 10-90 at 5 V, ~5 ms full rise; timing unverified Exact MPN accepted by user; effective-C and implementation qualification pending. Captured in KiCad power/USB section; see kicad/README.md. Evidence remains unverified pending schematic/footprint approval."
B1-B049,NA,0,FTDI USB_5V reset supervisor,Texas Instruments,TLV803EA42RDBZR,SOT-23-3; R pinout,4.2 V falling threshold; 200 ms nominal,tbd,superseded,unverified,TBD,TBD,B1-R005; B1-R006; B1-R012,ADR-020; ADR-022,https://www.ti.com/lit/ds/symlink/tlv803e.pdf; ADR-020,296-TLV803EA42RDBZRCT-ND; DigiKey listing accessed 2026-09-06,Removed by ADR-022; no fitted supervisor or dedicated bypass
B1-B050,NA,0,Supervisor supply bypass,TBD,TBD,0805 preferred,100 nF X7R; <=10%; >=10 V,tbd,superseded,unverified,TBD,TBD,B1-R005; B1-R006; B1-R012,ADR-020; ADR-022,https://www.ti.com/lit/ds/symlink/tlv803e.pdf; ADR-020,DigiKey exact passive MPN TBD,Removed by ADR-022; no fitted supervisor or dedicated bypass
B1-B051,R5,1,FTDI reset pull-up,Stackpole Electronics Inc.,RMCF0805FT10K0,0805,10 kohm +/-1%; 0.125 W,fit,accepted,unverified,Device:R,Resistor_SMD:R_0805_2012Metric,B1-R005; B1-R006; B1-R012,ADR-022; ADR-028,https://www.seielect.com/Catalog/SEI-RMCF_RMCP.pdf,DigiKey RMCF0805FT10K0CT-ND; refresh before purchase,Selected ADR-022/028. RESET# 10 kohm pull-up to independent FTDI 3.3 V; no supervisor; selected RESET# 10 nF now B1-B064 (split from B1-B017). Circuit/startup qualification remains pending. Captured in KiCad power/USB section; see kicad/README.md. Evidence remains unverified pending schematic/footprint approval.
B1-B052,C9,1,Buck input HF bypass,KEMET,C0805C104K5RACTU,0805,100 nF 50 V X7R +/-10%,fit,accepted,unverified,Device:C,Capacitor_SMD:C_0805_2012Metric,B1-R006; B1-R023,ADR-021; ADR-025,buck_tps560430.md; manufacturer sources linked there,DigiKey 399-C0805C104K5RACTUCT-ND; listing found 2026-09-06; recheck at purchase,"CB-to-SW bootstrap; not ground. Meets TI >=16 V recommendation, correcting earlier >=10 V placeholder. User accepted exact part; electrical qualification remains open. Captured in KiCad power/USB section; see kicad/README.md. Evidence remains unverified pending schematic/footprint approval. Function description reconciled to existing CAD: C8 is bootstrap (B031), C9 input bypass (B052); identical selected 100n MPN, no circuit/value change."
B1-B053,NA,0,Deferred Rev B CBUS reset/BOOT0; excluded from Rev A,TBD,TBD,TBD,TBD,tbd,superseded,unverified,TBD,TBD,B1-R024; B1-R007; B1-R012,ADR-023; ADR-042,FT_000288 v2.2 pp.12-13; AN2606 Rev.70 pp.35 and 279; ADR-023,DigiKey; exact MPN TBD,USR-36 conditional deferral exercised by ADR-042. No Rev A components or DNP footprints. Ordinary MCU reset/BOOT0-low and SWD support remain B1-B010; physical CBUS pads unconnected.
B1-B054,R2,1,PWREN# inverter input pull-up,Stackpole Electronics Inc.,RMCF0805FT10K0,0805,10 kohm +/-1%; 0.125 W,fit,accepted,unverified,Device:R,Resistor_SMD:R_0805_2012Metric,B1-R005; B1-R006; B1-R012,ADR-024; ADR-028,https://www.seielect.com/Catalog/SEI-RMCF_RMCP.pdf,DigiKey RMCF0805FT10K0CT-ND; refresh before purchase,FTDI-domain enable support; no added main-rail capacitance. RMCF0805FT10K0 accepted by explicit user instruction ADR-028; circuit/startup qualification remains pending. Captured in KiCad power/USB section; see kicad/README.md. Evidence remains unverified pending schematic/footprint approval.
B1-B055,R3,1,Main buck EN pull-down,Panasonic Industry,ERJ-6GEYJ473V,0805,47 kohm +/-5%; 0.125 W,fit,accepted,unverified,Device:R,Resistor_SMD:R_0805_2012Metric,B1-R005; B1-R006; B1-R012,ADR-024; ADR-030,https://industrial.panasonic.com/sa/products/pt/general-purpose-chip-resistors/models/ERJ6GEYJ473V,DigiKey P47KACT-ND,Selected ADR-030; 5% replaces prior 1% category. Buck EN pull-down; startup/leakage review pending. Captured in KiCad power/USB section; see kicad/README.md. Evidence remains unverified pending schematic/footprint approval.
B1-B056,R7,1,EEPROM DO series resistor,YAGEO,RC0805FR-072K2L,0805,2.2 kohm +/-1%; 0.125 W,fit,accepted,unverified,Device:R,Resistor_SMD:R_0805_2012Metric,B1-R005; B1-R012,ADR-030,https://www.digikey.com/en/products/detail/yageo/RC0805FR-072K2L/730623,DigiKey exact MPN; refresh before purchase,Split from B017; do not double count. EEPROM read timing remains to verify. Captured in KiCad power/USB section; see kicad/README.md. Evidence remains unverified pending schematic/footprint approval.
B1-B057,R6,1,FTDI REF resistor,Stackpole Electronics Inc.,RMCF0805FT12K0,0805,12 kohm +/-1%; 0.125 W,fit,accepted,unverified,Device:R,Resistor_SMD:R_0805_2012Metric,B1-R005; B1-R012,ADR-030; ADR-031,https://www.seielect.com/Catalog/SEI-RMCF_RMCP.pdf,DigiKey RMCF0805FT12K0CT-ND,Corrected exact MPN accepted ADR-031; resolves prior 5% versus 1% selection conflict. REF-to-GND; split from B017. Captured in KiCad power/USB section; see kicad/README.md. Evidence remains unverified pending schematic/footprint approval.
B1-B058,C12; C13,2,FTDI crystal load capacitors,KEMET,C0805C270F5GACTU,0805,27 pF +/-1%; 50 V C0G,fit,accepted,unverified,Device:C,Capacitor_SMD:C_0805_2012Metric,B1-R005; B1-R012,ADR-031,https://yageogroup.com/download/specsheet/C0805C270F5GACTU,DigiKey https://www.digikey.com/en/products/detail/kemet/C0805C270F5GACTU/2212364 ; exact pack code/stock refresh before purchase,Split from B017; two capacitors per FTDI oscillator. Accepted initial fitted values; loaded-frequency/startup/drive qualification B1-Q008 remains. Captured in KiCad power/USB section; see kicad/README.md. Evidence remains unverified pending schematic/footprint approval.
B1-B059,J2; J4; J6; J8,4,Per-MCU combined timing/debug headers,Sullins Connector Solutions,PRPC040SAAN-RC,Cut 1x8 sections; 2.54 mm; through-hole,1x8; 2.54 mm,fit,accepted,unverified,Connector_Generic:Conn_01x08,Connector_PinHeader_2.54mm:PinHeader_1x08_P2.54mm_Vertical,B1-R025; B1-R027,ADR-032; ADR-039; ADR-041; ADR-042,ADR-032; pinmap.md,Included in B1-B027; DO NOT separately purchase four strips,"ADR-041: one source strip B1-B027 supplies four 1x8 placed headers B1-B059. Eight positions spare and unallocated. RX/TX, two grounds, shared SYNC/TRIG and private EVENT0/1 per MCU; see timing_headers.md. Physical cuts/footprint and timing pad allocation unverified. Exact pin order is maintainer-specified USR-36; six per-MCU 330 ohm resistors are B1-B076."
B1-B060,R22; R32; R42; R52,4,Debug RX idle pull-up resistors,Stackpole Electronics Inc.,RMCF0805FT10K0,0805,10 kohm +/-1%; 0.125 W,fit,proposed,unverified,Device:R,Resistor_SMD:R_0805_2012Metric,B1-R025,ADR-032,https://www.seielect.com/Catalog/SEI-RMCF_RMCP.pdf,DigiKey RMCF0805FT10K0CT-ND; refresh before purchase,One10k per MCU DEBUG_RX on MCU side of330ohm series resistor; 3.3V-powered bench adapter. No added automatic off-state isolation.
B1-B061,C5; C10; C16; C17; C18; C19; C20; C21; C11; C22; C23,11,Bridge-domain 100 nF bypass capacitors,KYOCERA AVX,KGM21NR71E104KT,0805,100 nF 25 V X7R +/-10%,fit,accepted,unverified,Device:C,Capacitor_SMD:C_0805_2012Metric,B1-R005; B1-R012,ADR-027,https://datasheets.kyocera-avx.com/KGM_X7R.pdf,DigiKey exact MPN; stock/price refresh before purchase,C5 at VREGIN; C10 inverter; C11 EEPROM; C16 VCCD; C17/C18/C19 VCCIO; C20 VCORE; C21 VCCA; C22 VPHY; C23 VPLL. Eleven captured 100 nF; excludes C24 main-rail bypass. FTDI Fig.6.1 v2.2 p.45. Circuit/placement qualification pending.
B1-B062,NA,0,Bridge-domain 1 uF capacitors,Samsung Electro-Mechanics,CL21B105KAFNFNE,0805,1 uF 25 V X7R +/-10%,tbd,accepted,unverified,TBD,TBD,B1-R005; B1-R012,ADR-027,https://product.samsungsem.com/mlcc/CL21B105KAFNFN.do,DigiKey exact MPN; stock/price refresh before purchase,"Accepted MPN retained as history, with zero placements/purchases. Completed FTDI Fig.6.1 reference-circuit enumeration needs no bridge-domain 1 uF part. No DNP footprints; raw input C1 remains separately counted in B1-B045."
B1-B063,C4; C15,2,Bridge-domain 4.7 uF capacitors,Murata,GRM21BR71C475KE51L,0805,4.7 uF 16 V X7R +/-10%,fit,accepted,unverified,Device:C,Capacitor_SMD:C_0805_2012Metric,B1-R005; B1-R012,ADR-027,https://akizukidenshi.com/goodsaffix/GRM21BR71C475KE51L.pdf,DigiKey exact MPN; stock/price refresh before purchase,Two captured 4.7 uF: C4 VREGIN USB_5V input and C15 VCCD FTDI_3V3 output. Optional post-ferrite bulk omitted per FTDI Fig.6.1 v2.2 p.45; no DNP footprints. Effective-C/placement review pending.
B1-B064,C14,1,FTDI RESET# capacitor,Samsung Electro-Mechanics,CL21B103KBANNNC,0805,10 nF 50 V X7R +/-10%,fit,accepted,unverified,Device:C,Capacitor_SMD:C_0805_2012Metric,B1-R005; B1-R012,ADR-022; ADR-027,https://product.samsungsem.com/mlcc/CL21B103KBANNN.do,DigiKey exact MPN; stock/price refresh before purchase,"Accepted allocation split from B1-B017; not additional circuitry or quantities. One retained RESET#-to-GND capacitor, paired with B1-B051; ADR-022 topology and ADR-027 MPN. Startup qualification B1-Q002. Captured in KiCad power/USB section; see kicad/README.md. Evidence remains unverified pending schematic/footprint approval."
B1-B065,R8,1,EEPROM DO pull-up resistor,Stackpole Electronics Inc.,RMCF0805FT10K0,0805,10 kohm +/-1%; 0.125 W,fit,accepted,unverified,Device:R,Resistor_SMD:R_0805_2012Metric,B1-R005; B1-R012,ADR-028,https://www.seielect.com/Catalog/SEI-RMCF_RMCP.pdf,DigiKey RMCF0805FT10K0CT-ND; refresh before purchase,"Accepted allocation split from B1-B017; not additional circuitry or quantities. One EEPROM DO pull-up to its supply, accepted ADR-028; read timing and exact connectivity qualification B1-Q012. Captured in KiCad power/USB section; see kicad/README.md. Evidence remains unverified pending schematic/footprint approval."
B1-B066,U19,1,Onboard open-drain UART quad driver,Texas Instruments,SN74LV125APWR,TSSOP-14; footprint review pending,4 channels; A=GND; TX drives /OE,fit,accepted,unverified,SN74LV125APWR:SN74LV125APWR,Package_SO:TSSOP-14_4.4x5mm_P0.65mm,B1-R003,ADR-033,https://www.ti.com/lit/ds/symlink/sn74lv125a.pdf ; SCES124O Rev.O May 2022 pp.3/5/6/9; pinmap.md; exact footprint/mux qualification B1-Q003/005; ../../libraries/symbols/SN74LV125APWR/README.md (symbol evidence only; allocation unverified),TBD,"Accepted USR-27 / ADR-033. Second SN74LV125APWR; VCP device remains B1-B016. One channel per MCU; all Y to UART_MD; A grounded; UART_MD_TX to /OE; bus observed by all UART_MD_RX. VCC=3V3_SYS. One existing 100 nF auxiliary bypass from B1-B036; support resistors remain B1-B008. Exact support values, defaults, rate and ramp qualification pending."
B1-B067,R59; R60; R65; R66,4,CAN termination resistors,TE Connectivity Passive Product,CRGP0805F120R,0805,120 ohm +/-1%; 1/3 W,fit,accepted,unverified,Device:R,Resistor_SMD:R_0805_2012Metric,B1-R026,ADR-034; ADR-035,termination.md; exact manufacturer references; thermal/mating/footprint qualification remains open,A130466CT-ND; termination.md; refresh stock before purchase,Two per CAN bus: fixed opposite onboard end and jumper-removable terminal end. Exact MPN accepted USR-29 / ADR-035. Evidence remains unverified; no additional cut-strip allocation for these dedicated headers.
B1-B068,R79,1,Fixed local RS-485 termination resistor,TE Connectivity Passive Product,CRGP0805F120R,0805,120 ohm +/-1%; 1/3 W,fit,accepted,unverified,Device:R,Resistor_SMD:R_0805_2012Metric,B1-R026,ADR-034; ADR-035,termination.md; exact manufacturer references; thermal/mating/footprint qualification remains open,A130466CT-ND; termination.md; refresh stock before purchase,"At terminal block; remote cable endpoint requires its own termination, excluded from onboard BOM. Exact MPN accepted USR-29 / ADR-035. Evidence remains unverified; no additional cut-strip allocation for these dedicated headers."
B1-B069,J10; J11,2,CAN termination jumper headers,Sullins Connector Solutions,PRPC002SAAN-RC,Through-hole; 1x2; 2.54 mm,2 positions; gold flash,fit,accepted,unverified,Connector_Generic:Conn_01x02,Connector_PinHeader_2.54mm:PinHeader_1x02_P2.54mm_Vertical,B1-R026,ADR-034; ADR-035,termination.md; exact manufacturer references; thermal/mating/footprint qualification remains open,35-PRPC002SAAN-RC-ND; termination.md; refresh stock before purchase,One per CAN bus; in series with its connector-end resistor branch. Exact MPN accepted USR-29 / ADR-035. Evidence remains unverified; no additional cut-strip allocation for these dedicated headers.
B1-B070,TBD,2,CAN termination shunts,Sullins Connector Solutions,SPC02SYAN,1x2; 2.54 mm; closed-top shunt,Gold flash,fit,accepted,unverified,TBD,TBD,B1-R026,ADR-034; ADR-035,termination.md; exact manufacturer references; thermal/mating/footprint qualification remains open,S9001-ND; termination.md; refresh stock before purchase,Install for board-only CAN; remove when cable extends that end to remote termination. Exact MPN accepted USR-29 / ADR-035. Evidence remains unverified; no additional cut-strip allocation for these dedicated headers.
B1-B071,R78; R80,2,RS-485 idle-bus bias resistors,TE Connectivity Passive Product,CRGP0805F330R,0805,330 ohm +/-1%; 1/3 W,fit,accepted,unverified,Device:R,Resistor_SMD:R_0805_2012Metric,B1-R016; B1-R021,ADR-036; ADR-039,https://www.te.com/en/product-1-2176327-9.html ; remaining_parts.md; B1-Q009,A130471CT-ND; https://www.digikey.com/en/products/detail/te-connectivity-passive-product/CRGP0805F330R/8577073 ; refresh before purchase,"Exact MPN accepted USR-33 / ADR-039; two bias resistors, 3V3_SYS to A and B to GND. Thermal/pulse/loading/backfeed qualification remains B1-Q009."
B1-B072,D8; D9,2,External CAN pair TVS arrays,Texas Instruments,ESD2CAN24DBZRQ1,SOT-23-3 DBZ; footprint review pending,Two channels; +/-24 V standoff,fit,accepted,unverified,ESD2CAN24DBZRQ1:ESD2CAN24DBZRQ1,Package_TO_SOT_SMD:SOT-23,B1-R009; B1-R017,ADR-037,https://www.ti.com/lit/ds/symlink/esd2can24-q1.pdf ; SLVSFW5D March 2026 pp.3/6/10-12; interfaces.md; ../../libraries/symbols/ESD2CAN24DBZRQ1/README.md (symbol evidence only; allocation unverified),296-ESD2CAN24DBZRQ1CT-ND; https://www.digikey.com/en/products/detail/texas-instruments/ESD2CAN24DBZRQ1/16982061 ; refresh before procurement,"USR-31 accepts two arrays, one per external CAN pair near terminal block. Pins1/2 to CANH/CANL, pin3 to GND. Always connected independently of termination jumpers. Split from B1-B007; no duplicate protection count. Transient/layout/footprint qualification remains B1-Q004."
B1-B073,D10,1,External RS-485 pair TVS array,Texas Instruments,ESDS452DBZR,SOT-23-3 DBZ; footprint review pending,Two channels; +/-5.5 V standoff,fit,accepted,unverified,ESDS452DBZR:ESDS452DBZR,Package_TO_SOT_SMD:SOT-23,B1-R016; B1-R017,ADR-038,https://www.ti.com/lit/gpn/esds452 ; SLVSHM5 March 2024 pp.2-4; interfaces.md; ../../libraries/symbols/ESDS452DBZR/README.md (symbol evidence only; allocation unverified),296-ESDS452DBZRCT-ND; https://www.digikey.com/en/products/detail/texas-instruments/ESDS452DBZR/23065579 ; refresh before purchase,"USR-32 accepts candidate and disclosed restricted bench envelope: both bus lines within +/-5.5 V of Board 1 GND in normal operation. Pin1/2 to A/B, pin3 GND. Split from B1-B023. Actual ground offsets, overshoot, temperature and transient coordination remain B1-Q009; no full-range RS485 or validated surge rating implied."
B1-B074,R71,1,UART_MD shared bus pull-up resistor,Stackpole Electronics Inc.,RMCF0805FT470R,0805,470 ohm +/-1%; 0.125 W,fit,accepted,unverified,Device:R,Resistor_SMD:R_0805_2012Metric,B1-R003,ADR-039,https://www.seielect.com/Catalog/SEI-RMCF_RMCP.pdf ; remaining_parts.md; B1-Q003,RMCF0805FT470RCT-ND; https://www.digikey.com/en/products/detail/stackpole-electronics-inc/RMCF0805FT470R/1760300 ; refresh before purchase,"USR-33 accepts the multidrop plan. Pull shared UART_MD to 3V3_SYS. Split from B1-B008, which now holds only four /OE pull-ups. Rate, capacitance, VOL and reset/ramp validation remain open."
B1-B075,J13; J14; J15; J16; J17; J18,6,Fitted scope-probe ground clip pins,Sullins Connector Solutions,PRPC002SAAN-RC,Through-hole; 1x2; 2.54 mm,2 positions; gold flash,fit,accepted,unverified,Connector_Generic:Conn_01x02,Connector_PinHeader_2.54mm:PinHeader_1x02_P2.54mm_Vertical,B1-R008,ADR-039,termination.md; exact manufacturer references; thermal/mating/footprint qualification remains open,35-PRPC002SAAN-RC-ND; termination.md; refresh stock before purchase,"Six dedicated1x2groundheaders: one near eachMCU, one nearpower, one nearbus/probing area. Twelvegroundposts total. Reuse selectedPRPC002SAAN-RC as routine implementation; no use of source-strip sparepositions. Finalphysicalplacement atlayout."
B1-B076,R15; R16; R17; R18; R19; R20; R25; R26; R27; R28; R29; R30; R35; R36; R37; R38; R39; R40; R45; R46; R47; R48; R49; R50,24,Per-MCU timing/debug signal series resistors,TE Connectivity Passive Product,CRGP0805F330R,0805,330 ohm +/-1%; 1/3 W,fit,accepted,unverified,Device:R,Resistor_SMD:R_0805_2012Metric,B1-R025; B1-R027,ADR-042,https://www.te.com/en/product-1-2176327-9.html ; reuse selected B1-B071 part; timing_headers.md; exact placement/footprint review B1-Q010/014,A130471CT-ND; https://www.digikey.com/en/products/detail/te-connectivity-passive-product/CRGP0805F330R/8577073 ; refresh before purchase,"USR-36 requires 330 ohm on each of six signals per MCU, close to that MCU pin. Reuse existing CRGP0805F330R as routine engineering choice, not new explicit maintainer MPN acceptance. 4 x 6 = 24; independent of the two B1-B071 bias parts. Eight debug plus eight shared-input branches plus eight private event outputs. Exact placements/designators remain TBD."
B1-B077,R72; R73,2,Shared SYNC and TRIG pull-down resistors,Stackpole Electronics Inc.,RMCF0805FT10K0,0805,10 kohm +/-1%; 0.125 W,fit,accepted,unverified,Device:R,Resistor_SMD:R_0805_2012Metric,B1-R027,ADR-041; ADR-042,https://www.seielect.com/Catalog/SEI-RMCF_RMCP.pdf ; existing selected MPN reused; timing_headers.md; B1-Q010,RMCF0805FT10K0CT-ND; refresh before purchase,"USR-37 requires one pull-down on each global input. Engineering implementation: 10 kohm RMCF0805FT10K0, one SYNC-to-GND and one TRIG-to-GND on the shared header side of the four 330 ohm branches. Not repeated at each MCU. Reuse existing MPN; confirm aggregate leakage at schematic approval. Exact designators/placement remain TBD."
B1-B078,FB1; FB2,2,FTDI VPHY/VPLL supply ferrites,Murata,BLM21AG601SN1D,0805,600 ohm at 100 MHz,fit,proposed,unverified,Device:FerriteBead,Inductor_SMD:L_0805_2012Metric,B1-R005; B1-R012,ADR-001,FT232H datasheet v2.2 Fig.6.1 p.45; https://www.murata.com/search/productsearch?cate=cgsubChipFerriBead&partno=BLM21AG601,490-1040-1-ND; https://www.digikey.com/en/products/detail/murata-electronics/BLM21AG601SN1D/584251 ; refresh before purchase,"Routine draft implementation of two separate manufacturer-reference supply filters, not explicit maintainer MPN acceptance. Footprint/impedance qualification before layout; split from B1-B017. No optional post-bead bulk fitted. Captured in KiCad power/USB section; see kicad/README.md. Evidence remains unverified pending schematic/footprint approval."
B1-B079,R9; R10; R11; R12; R13; R14,6,VCP receiving-domain idle/default pull-ups,Stackpole Electronics Inc.,RMCF0805FT10K0,0805,10 kohm +/-1%; 0.125 W,fit,proposed,unverified,Device:R,Resistor_SMD:R_0805_2012Metric,B1-R005; B1-R006; B1-R012,ADR-024; ADR-040,https://www.seielect.com/Catalog/SEI-RMCF_RMCP.pdf,DigiKey RMCF0805FT10K0CT-ND; refresh before purchase,"Routine 10 kohm defaults using already selected MPN, not new maintainer acceptance. Four main-domain pull-ups at gateway TX/RTS buffer inputs and RX/CTS outputs; two bridge-domain pull-ups at FTDI RX/CTS. Independently enumerated from B1-B017. No main-rail pull-up on PWREN_N. Captured in KiCad power/USB section; see kicad/README.md. Evidence remains unverified pending schematic/footprint approval."
B1-B080,R21; R23; R31; R33; R41; R43; R51; R53,8,MCU reset/boot and SAM SWCLK defaults,Stackpole Electronics Inc.,RMCF0805FT10K0,0805,10 kohm +/-1%; 0.125 W,fit,proposed,unverified,Device:R,Resistor_SMD:R_0805_2012Metric,B1-R001; B1-R007,ADR-004; ADR-011; ADR-042,https://www.seielect.com/Catalog/SEI-RMCF_RMCP.pdf ; DS60001479J Table53-7 p1182; STM32 DS12288 Rev6 reset/boot guidance; mcu_capture_plan.json,DigiKey RMCF0805FT10K0CT-ND; refresh before purchase,"Routine 10k choices: four RESET pullups, three SAM SWCLK pullups within manufacturer10-50k range, one GW BOOT0 pulldown. Split from B010; no automated recovery."
B1-B081,C25,1,Gateway NRST filter capacitor,KYOCERA AVX,KGM21NR71E104KT,0805,100 nF 25 V X7R +/-10%,fit,proposed,unverified,Device:C,Capacitor_SMD:C_0805_2012Metric,B1-R001; B1-R007,ADR-004; ADR-011; ADR-042,https://datasheets.kyocera-avx.com/KGM_X7R.pdf ; STM32 DS12288 Rev6 Fig27 p134,DigiKey exact MPN; stock/price refresh before purchase,"One100nF NRST-toGND, STM32 datasheet reference reset circuit. Split B010, not main-rail bypass."
B1-B082,C37; C47; C57,3,SAM reset filter capacitors,Samsung Electro-Mechanics,CL21B103KBANNNC,0805,10 nF 50 V X7R +/-10%,fit,proposed,unverified,Device:C,Capacitor_SMD:C_0805_2012Metric,B1-R001; B1-R007,ADR-004; ADR-011; ADR-042,https://product.samsungsem.com/mlcc/CL21B103KBANNN.do ; SAM reset filter routine implementation; mcu_capture_plan.json,DigiKey exact MPN; stock/price refresh before purchase,One10nF per RESET input; conventional short bench reset filter. Split B010; verify connect-under-reset at bring-up.
B1-B083,R55; R56; R57; R58; R61; R62; R63; R64,8,CAN standby default pull-ups,Stackpole Electronics Inc.,RMCF0805FT10K0,0805,10 kohm +/-1%; 0.125 W,fit,proposed,unverified,Device:R,Resistor_SMD:R_0805_2012Metric,B1-R002,ADR-002,https://www.seielect.com/Catalog/SEI-RMCF_RMCP.pdf ; TCAN3413 SLLSFS8A Rev.A section7.3.8 p20; kicad/README.md,DigiKey RMCF0805FT10K0CT-ND; refresh before purchase,One10k STB-to3V3_SYS per TCAN3413. TI guidance recommends explicit defaults instead of relying on internal failsafe bias. Firmware establishes TXidle before driving STBlow.
